time,activity
1. 6:00am - Departure of Buses,
2. 8:00am - Arrival at Resort,
stretch out and use of Washrooms,
(Akwaba with Coconut and Sobolo),
3. 8:30am - Safari starts,
(Trip Comm does the strategic arrangement for carts boarding),
4. 8:45am - 1st batch to arrive at the Riverside,
5. 9:00am - Games at the Riverside begins,
6. 11:00am - Movement to the Recreational Center,
7. 12:00noon - Games continue,
8. 13:00 - Lunch Time,
"9. 14:00 - Lunch Time over, Games continue",
10. 15:30 - BBQ time with Music and Dance,
11. 18:00 - Departure,
